district_no,district,district_key,year,category,popup_name,brand,description,location,date,admission,goods,tags,highlight,research_insight
01,Seongsu-dong,seongsu,2024,Fashion,Musinsa Beauty Festa — Seongsu,Musinsa,"Massive multi-brand pop-up town across Seongsu, bringing online-only beauty brands to their first ever offline spaces.",Seongsu-dong (area-wide),2024,Free,Multi-brand beauty & fashion,Pop-up Town | Multi-brand | Large-scale | Pioneering,🏆 Large-scale,Proved an e-commerce platform could run a physical pop-up town as effectively as a department store.
01,Seongsu-dong,seongsu,2024,Fashion,Nike 'Air Force 1 Seoul Edition' Pop-up,Nike Korea,"Nike's Seoul-exclusive Air Force 1 drop with local artist collabs, customisation stations, and an interactive 'Seoul Streets' installation celebrating the city's sneaker culture.",Seongsu-dong,2024,Free,Seoul-edition AF1 + custom options,Nike | Air Force 1 | Sneakers | Seoul Edition | Custom,Standard,Nike's city-edition drops have become annual cultural events — the Seongsu location ensures the brand speaks directly to Seoul's most trend-sensitive consumer segment.
02,Hannam-dong,hannam,2024,Fashion,Hannam Vintage Fashion Market,Hannam Vintage Curators,Monthly curated vintage & resale pop-up reflecting MZ consumers' growing interest in sustainable fashion.,Hannam-dong,"Monthly, ongoing",Free,Vintage & resale items,Vintage | Resale | Sustainable | Monthly,Standard,Sustainable fashion is the fastest-growing MZ sub-trend — Hannam's market taps this with a premium approach.
03,Hongdae,hongdae,2024,Art · Exhibition,Hongdae Indie Artist Market,Hongdae Art Scene,"Independent artist market selling handmade works, goods, and crafts — a defining feature of Hongdae's creative underground.",Hongdae Walk Street,"2× monthly, ongoing",Free,Handmade works & goods,Handmade | Indie | Market | Authentic,Standard,The indie artist market represents the grassroots origin of Seoul's pop-up culture.
03,Hongdae,hongdae,2024,IP · Character,K-Pop Official MD Pop-up Hub,Major Entertainment Labels,"Hongdae's proximity to SM Town makes it a permanent K-pop corridor. Albums, photocards, lightsticks at every major comeback.","Hongdae, near SM Town","Comeback seasons, ongoing",Free,Random photocard events,K-Pop | Fandom | MD | SM Town | Ongoing,Standard,Hongdae's role as K-pop's retail heartland is self-reinforcing: fans gather because brands pop up; brands pop up because fans gather.
04,Gangnam · The Hyundai,gangnam,2024,Beauty,Coupang Mega Beauty Show,Coupang × 9 Beauty Brands,"Nine major beauty brands share one pop-up town. Visitors compare, trial, and purchase across all brands simultaneously.",Gangnam area large venue,2024,Free,Multi-brand trials & purchase,Pop-up Town | Multi-brand | Beauty | Benchmark,🏆 Large-scale,Coupang coordinating 9 brands shows how e-commerce platforms are emerging as pop-up town operators.
04,Gangnam · The Hyundai,gangnam,2024,F&B,Market Kurly Food Festa,Market Kurly,Fresh-food e-commerce platform Kurly brings curated brands offline with live tasting and cooking demos.,Gangnam area,2024,Free,Premium food items + tasting,F&B | E-commerce | Tasting | Premium,Standard,Market Kurly's offline Festa bridges a core challenge for food e-commerce: consumers want to taste before buying.
04,Gangnam · The Hyundai,gangnam,2024,IP · Character,K League × Sanrio Characters,K League × Sanrio,"The most successful pop-up of 2024: 250,000 total visitors, averaging 10,500 per day. Textbook cross-fandom collision.",The Hyundai Seoul,2024,Free,Cross-fandom limited goods,Cross-fandom | Record | Sanrio | K League | Sports,🏆 Record,"Bridges two unconnected communities, doubling potential audience without increasing production complexity."
04,Gangnam · The Hyundai,gangnam,2024,IP · Character,World Webtoon Festival 2024,Webtoon Platform Alliance,Major Korean and international webtoon IPs gather for a festival pop-up with author signings and story-world exhibitions.,Gangnam area large venue,2024,Paid admission,Author-signed goods,Webtoon | IP | Festival | Author | Signing,Standard,"Webtoon IP generates deeply personal connections — fans follow characters for years, making purchases highly emotional."
01,Seongsu-dong,seongsu,2025,Art · Exhibition,The Museum Visitor × Danit Pop-up,"Daerim Changgo, Seongsu",Art and fashion hybrid pop-up at the iconic Daerim Changgo warehouse. Museum-style curation meets wearable art in a space that blurs gallery and retail.,"Daerim Changgo, Seongsu","Oct 2 – Oct 9, 2025",Free,Wearable art pieces,Art | Fashion | Warehouse | Hybrid | Seongsu,Standard,The Daerim Changgo venue — a repurposed factory — provides a backdrop that makes even simple installations feel monumental.
01,Seongsu-dong,seongsu,2025,Art · Exhibition,Hightech Seoul Event at S Factory,"S Factory, Seongsu","Tech-art crossover exhibition at Seongsu's S Factory. Digital art installations, interactive tech experiences, and a curated selection of tech-adjacent lifestyle brands.","S Factory, Seongsu","Oct 2 – Nov 8, 2025",Paid,Tech art merchandise,Tech Art | Exhibition | Interactive | Digital,Standard,S Factory's industrial scale allows for tech-art installations that smaller venues cannot accommodate — positioning Seongsu as a destination for digital culture.
01,Seongsu-dong,seongsu,2025,Beauty,iSOi 'Bulgaria Rose Trip' Pop-up,iSOi,Immersive Bulgaria rose concept space at iSOi's Seongsu flagship — a benchmark for brand-owned pop-up strategy with no rental costs.,"iSOi Flagship, Seongsu",Jan 2025,Free,Product samples,Skincare | Immersive | Flagship | Benchmark,✨ Benchmark,"By owning the pop-up through their flagship, iSOi eliminated rental costs while generating enormous SNS buzz."
01,Seongsu-dong,seongsu,2025,Beauty,NUDAKE × Jennie Pop-up,NUDAKE × Jennie (BLACKPINK),"BLACKPINK's Jennie collaborates with experimental Seoul dessert brand NUDAKE for a pastry and beauty lifestyle pop-up at Haus Dosan, Apgujeong.","Haus Dosan, Apgujeong-ro 46-gil 50","Nov 28, 2024 – Jan 3, 2025",Free,Limited dessert + lifestyle items,BLACKPINK | Jennie | Dessert | Lifestyle | Collab,Standard,"NUDAKE's collab with Jennie bridges the worlds of K-pop fandom, luxury dessert culture, and lifestyle retail — a template for how celebrity IP can elevate an F&B brand."
01,Seongsu-dong,seongsu,2025,F&B,"Adidas Café ""3 STRIPES Seoul""",Adidas × Café Concept,"Fashion meets coffee — a viral social media sensation before it even opened. Three-stripe drinks, limited merch, and brand installations drew massive queues.",Seongsu-dong,Jan 2025 (~Jan 18),Free,Limited drinks & merch,Collab | Café | Sports | Viral | SNS,🔥 Viral,Pre-opening social buzz turned this into a must-visit — a case study in anticipation-building without paid advertising.
01,Seongsu-dong,seongsu,2025,Fashion,Hoka Seongsu Pop-up,HOKA,"Running & trail shoe brand's pop-up with fit experience stations, limited-color drops, and stamp-tour giveaways.","East Yeonmujang-gil, Seongsu",Jan 2025,Free,Limited colorway + stamp goods,Running | Experiential | Showroom | Sneakers,Standard,"Hoka's shift from performance to lifestyle is embodied in Seongsu — targeting trend-aware consumers, not just runners."
01,Seongsu-dong,seongsu,2025,Fashion,Musinsa Empty × Lacoste × Sanrio,Musinsa × Lacoste × Sanrio,"Triple collab pop-up in Seongsu combining Musinsa's streetwear curation, Lacoste's preppy heritage, and Sanrio's character universe into one space.","Seongsu, Musinsa Empty","Sep 29 – Oct 10, 2025",Free,Triple collab limited goods,Musinsa | Lacoste | Sanrio | Triple Collab,Standard,The Musinsa Empty format of triple collabs shows how multi-brand pop-ups can create cultural moments bigger than any single brand could alone.
01,Seongsu-dong,seongsu,2025,Fashion,New Balance × Korean Webtoon Artist Pop-up,New Balance × Webtoon,New Balance teams up with a Korean webtoon artist and marathon runner for a limited Seongsu pop-up celebrating running culture and local creativity.,Seongsu-dong,May – Jun 2026,Free,Collab sneakers + webtoon art prints,New Balance | Webtoon | Running | Collab | Art,Standard,New Balance's sustained investment in running culture pop-ups in Seongsu mirrors the district's own transformation — both brand and neighbourhood have repositioned from functional to aspirational.
01,Seongsu-dong,seongsu,2025,IP · Character,TBH × Hello Kitty Department Store,tbh × Sanrio,"Hello Kitty 50th anniversary collab with co-designed limited apparel, accessories, and collectibles.",Seongsu-dong,Jan 2025,Free,Limited collab goods,Sanrio | Hello Kitty | Collab | Fashion | 50th,Standard,The Hello Kitty 50th anniversary proved the staying power of legacy IP over trend-driven collabs.
02,Hannam-dong,hannam,2025,Art · Exhibition,Hannam Emerging Artist Gallery Pop-up,Hannam Independent Gallery Network,Rotating platform for emerging Korean artists with works for sale and brand-collab art objects. Buyers receive limited-edition art books.,Hannam Gallery District,"Seasonal, ongoing",Free viewing,Original artworks + art books,Art | Emerging Artist | Sales | Curation,Standard,Hannam's gallery infrastructure allows emerging artists to access affluent collectors without a permanent space.
02,Hannam-dong,hannam,2025,Art · Exhibition,Wunderkammer Gallery Pop-up,"Independent Curators, Hannam",Rotating art object and curiosity cabinet-style gallery pop-up in Hannam. Emerging Korean artists present collectible small-format works alongside collaborative brand objects.,Hannam-dong Gallery District,Monthly rotation,Free,Collectible art objects,Gallery | Art Objects | Collectible | Emerging | Rotating,Standard,The 'wunderkammer' (wonder cabinet) format — curating surprising juxtapositions of objects — is perfectly suited to Hannam's culture of discovery shopping.
02,Hannam-dong,hannam,2025,Beauty,European Niche Perfume — Korea Debut,Hannam Concept Beauty Edit,First Korean pop-up for a coveted European niche perfume house. Personal fragrance consultations and limited discovery sets.,Hannam Concept Store,Seasonal,Free,Discovery sets + consultation,Niche Perfume | Consultation | Debut | European,Standard,Hannam's international-facing demographic is the ideal test market for European niche brands entering Korea.
02,Hannam-dong,hannam,2025,Beauty,Tamburins × BLACKPINK Jennie Pop-up,Tamburins × Jennie,Luxury Korean beauty and lifestyle brand Tamburins collaborates with Jennie of BLACKPINK. Object-art meets skincare in a gallery-style Hannam space.,Hannam-dong,2025,Free,Limited collab beauty objects,Tamburins | Jennie | BLACKPINK | Art Beauty | Gallery,Standard,Tamburins's object-art approach to beauty retail — treating products as collectible sculptures — has inspired a wave of 'beauty as art' pop-ups across Hannam.
02,Hannam-dong,hannam,2025,F&B,Blue Bottle Coffee Seasonal Pop-up,Blue Bottle Coffee Korea,Blue Bottle Coffee's limited seasonal pop-up in Hannam featuring single-origin Korea-only blends and specialty equipment collaborations.,Hannam-dong,Seasonal,Free,Korea-exclusive blends + drinkware,Coffee | Blue Bottle | Specialty | Seasonal | Hannam,Standard,"Blue Bottle's minimalist aesthetic resonates with Hannam's design-literate consumer base — their pop-ups feel like concept cafés, not marketing events."
02,Hannam-dong,hannam,2025,Fashion,"Adidas × ABC Mart — ""My Nth New Pair""",ABC Mart × Adidas,Season-launch pop-up combining ABC Mart's retail reach with Adidas' newest sneaker lineup and on-site shoe personalisation.,Hannam-dong,Jan 2025,Free,Limited sneaker lineup,Sneakers | Collab | Customise | Personalise,Standard,Personalisation services dramatically increase time-in-store and purchase likelihood.
02,Hannam-dong,hannam,2025,Lifestyle,Luxury Interior & Home Design Pop-up,Hannam Flagship Brands,Premium interior and home brand pop-up offering product experience and consultation services.,Hannam-dong,Seasonal,Free,Consultation + display items,Interior | Premium | Lifestyle | Consultation,Standard,Home lifestyle brands use pop-ups to bridge the gap between e-commerce imagery and real-world texture.
03,Hongdae,hongdae,2025,Beauty,Olive Young Hongdae Town — Beauty Event,CJ Olive Young,"Multi-brand beauty event at Olive Young's Hongdae flagship. Makeup trials, new product demos, and SNS verification giveaways.",Olive Young Hongdae Town,"Oct 2 – Oct 12, 2025",Free,Sample giveaways,K-Beauty | Multi-brand | Trial | SNS | Flagship,✨ Notable,Olive Young Hongdae's tourist-heavy foot traffic makes it one of the most cost-efficient locations for beauty brands.
03,Hongdae,hongdae,2025,F&B,Starbucks Reserve 'Korea Heritage' Pop-up,Starbucks Korea,"Starbucks Reserve's Korea-exclusive seasonal pop-up in Hongdae celebrating Korean traditional flavours — yuzu, sikhye, and hojicha — in premium RTD and merchandise format.","Hongdae, Starbucks Reserve",Seasonal 2025,Free,Korea-exclusive blends + tumblers,Starbucks | Coffee | Korea Heritage | Premium | Seasonal,Standard,"Starbucks Reserve Korea's seasonal pop-up format has mastered the art of creating product scarcity — limited tumblers sell out within hours, generating organic viral content."
03,Hongdae,hongdae,2025,Fashion,Covernat × Thisisneverthat Joint Pop-up,Covernat × Thisisneverthat,Two of Korea's most respected streetwear brands — Covernat and Thisisneverthat — join forces for a Hongdae flagship collab pop-up featuring co-designed capsule pieces.,Hongdae Flagship Area,2025,Free,Co-designed capsule collection,Streetwear | Covernat | Thisisneverthat | Capsule | Collab,Standard,"When two credible Korean streetwear brands collab, the cultural weight is additive — both fanbases converge, creating a combined audience neither brand could reach alone."
03,Hongdae,hongdae,2025,IP · Character,Chainsaw Man Official Pop-up,AK Plaza Hongdae × MAPPA,"Large-scale official anime pop-up with character goods, acrylic standees, apparel, and Korean-market collectibles. Long queues from day one.",AK Plaza Hongdae Branch,"Sep 26 – Dec 31, 2025",Free,Anime character goods,Anime | IP | Goods | MAPPA | Long-run,🔥 HOT,A 3-month run in a department store signals anime IP has become a consistent driver of retail footfall.
04,Gangnam · The Hyundai,gangnam,2025,Art · Exhibition,Seoul International Café Show,COEX,"Korea's largest café & beverage expo with new F&B brand pop-ups, master barista demos, and specialty coffee showcases.","COEX, Gangnam",Nov 2025,Paid admission,Coffee products + limited brews,Café | Exhibition | Industry | Coffee | COEX,Standard,The Café Show functions as an annual cultural moment for Seoul's café-obsessed MZ generation.
04,Gangnam · The Hyundai,gangnam,2025,Beauty,Sulwhasoo 'Han Radiance' Flagship Pop-up,Sulwhasoo (Amorepacific),Korea's premier luxury herbal beauty brand Sulwhasoo transforms its Apgujeong flagship into an immersive hanok-inspired pop-up celebrating Korean botanical heritage.,"Apgujeong, Gangnam",2025,Free,Heritage beauty sets + limited ginseng line,Luxury Beauty | Sulwhasoo | Herbal | Hanok | Heritage,Standard,Sulwhasoo's hanok-inspired pop-up design serves both domestic and international visitors — it positions K-beauty within Korea's broader cultural heritage narrative.
04,Gangnam · The Hyundai,gangnam,2025,Fashion,Ader Error Seongsu × Gangnam Crossover,Ader Error,"Experimental Korean fashion brand Ader Error's rotating pop-up series spanning Seongsu and Garosu-gil. Asymmetric cuts, oversized silhouettes, and spatial design that challenges retail conventions.","Garosu-gil, Gangnam / Seongsu-dong",Ongoing seasonal,Free,Seasonal capsule pieces,Ader Error | Experimental Fashion | Capsule | Garosu-gil,✨ Notable,Ader Error defines what happens when fashion brand and spatial design merge — every pop-up is also an architecture statement.
04,Gangnam · The Hyundai,gangnam,2025,IP · Character,NewJeans × McDonald's Seoul Pop-up,NewJeans × McDonald's Korea,K-pop supergroup NewJeans collabs with McDonald's Korea for a limited Gangnam pop-up café experience featuring character-themed meals and merchandise.,Gangnam area,2025,Free,Character meals + limited goods,K-Pop | NewJeans | McDonald's | Food | Collab,Standard,The NewJeans × McDonald's Korea collab demonstrated that fast food brands can achieve luxury pop-up prestige through the right K-pop partnership.
05,Other Areas,others,2025,Art · Exhibition,DDP Emerging Designer Pop-up Market,Dongdaemun Design Plaza,"Emerging designer market at the iconic DDP building with fashion, product design, and crafts curated by category.",Dongdaemun Design Plaza (DDP),"1–2× monthly, ongoing",Free,Designer pieces & crafts,Emerging Designers | DDP | Market | Architecture,Standard,The DDP's Zaha Hadid landmark status gives any pop-up hosted there a cultural legitimacy no standard space can provide.
05,Other Areas,others,2025,Art · Exhibition,Coex Artium Cultural Pop-ups,Coex Artium,"Coex Artium's rotating pop-up programme hosts Korean and international artists in the underground mall's gallery space, combining retail with cultural programming.","Coex Artium, Gangnam",Ongoing monthly rotation,Free,Limited art prints + goods,Art | Gallery | Coex | Underground | Rotating,Standard,Coex Artium's underground gallery space creates a captive audience of shoppers who become art viewers — one of Seoul's most effective art-retail hybrid formats.
05,Other Areas,others,2025,F&B,Lotte Jamsil Seasonal Bakery Pop-up,Lotte Department Store Jamsil,Premium seasonal dessert pop-ups at Lotte Jamsil B1 bakery hall with season-limited pastry brands and holiday gift sets.,"Lotte Dept. Store Jamsil, B1F",Seasonal,Free,Seasonal pastries + gift sets,Dessert | Gift Set | Seasonal | Jamsil | Bakery,Standard,"Department store bakery event halls are the most reliable pop-up format in Korea — low risk, high impulse purchase rate."
05,Other Areas,others,2025,F&B,French Louvre Baguette Pop-up,Paris Baguette × Louvre,Paris Baguette's collab with the Louvre Museum brings art-themed pastries and Louvre-licenced merchandise to a Korean bakery pop-up experience.,Seoul (multiple locations),2025,Free,Art-themed pastries + Louvre merch,Bakery | Louvre | Art | Collab | Paris Baguette,Standard,The Louvre × Paris Baguette collab is a masterclass in cultural licensing — it positions a mass-market Korean bakery brand within the prestige of French cultural heritage.
05,Other Areas,others,2025,Fashion,SYSTEM FW25 Pop-up — Lotte World Mall,SYSTEM,Korean contemporary fashion brand SYSTEM's FW25 collection launch pop-up with pre-order sessions and early access.,"Lotte World Mall, Jamsil","~ Nov 6, 2025",Free,FW25 early access + pre-order,Contemporary Fashion | FW25 | Pre-order | Korean Brand,Standard,SYSTEM's use of Lotte World Mall expands its reach beyond Seongsu's fashion bubble to mainstream MZ consumers.
01,Seongsu-dong,seongsu,2026,Art · Exhibition,Where's Wally? Exhibition,Martin Handford × Seoul Laitium,The iconic search-and-find character Wally comes to Seoul Forest's The Seoul Laitium. Interactive large-scale installations and limited Korean-market Wally merchandise.,"Seoul Forest, The Seoul Laitium","Dec 22, 2025 – Apr 5, 2026",Paid admission,Limited Wally merch,Exhibition | Where's Wally | Interactive | Family,Standard,"Classic character IPs like Wally generate cross-generational appeal — parents bring children, creating unusually long average visit times and higher per-group spending."
01,Seongsu-dong,seongsu,2026,Beauty,Olive Young × Pokémon Pikachu Picnic,Olive Young N Seongsu,K-Beauty meets Pokémon — 1F Trend Fountain becomes a Pikachu & Minibu picnic with photo spots and themed beauty bundles.,"Olive Young N Seongsu, 1F","May 1 – May 31, 2026",Free,Collab beauty bundles,K-Beauty | Pokémon | Collab | Seasonal,Standard,Shows how a beauty retailer can use IP licensing to create destination-worthy experiences.
01,Seongsu-dong,seongsu,2026,Beauty,YSL Beauty Seongsu Pop-up,Yves Saint Laurent Beauty,"Luxury French beauty pop-up with new collection launch, makeup experience zones, and exclusive YSL goods only available here.",Seongsu-dong,"May 9 – May 24, 2026",Free,Exclusive YSL location goods,Luxury Beauty | Makeup | YSL | Exclusive,✨ Notable,YSL entering Seongsu rather than Apgujeong signals the district has matured into a luxury brand destination.
01,Seongsu-dong,seongsu,2026,Beauty,La Roche-Posay — UV Stadium,La Roche-Posay,"Sports-themed sunscreen pop-up turning skincare education into a stadium experience. UV zones, SPF trials, photo installations.",Seongsu-dong,"May 15 – May 25, 2026",Free,SPF sample kits,Sunscreen | Skincare | Experiential | Sports,Standard,Turning skincare into a stadium concept shows brands competing for attention through narrative.
01,Seongsu-dong,seongsu,2026,Beauty,Torriden Seongsu Pop-up,Torriden,Science-based K-beauty brand Torriden opens a dedicated Seongsu pop-up showcasing its hyaluronic acid and barrier-care lineup with skin analysis stations.,Seongsu-dong,Dec 2025 – Jan 2026,Free,Skin analysis + product samples,K-Beauty | Skincare | Hyaluronic Acid | Science,Standard,Torriden's data-driven skin analysis stations elevate the pop-up from a sales space into an educational experience — a growing trend in K-beauty retail.
01,Seongsu-dong,seongsu,2026,Beauty,Hince Beauty Pop-up,Hince,Korean minimalist beauty brand Hince hosts a Seongsu pop-up featuring its signature matte lipsticks and new skincare line with curated pastel interiors.,Seongsu-dong,Nov 2025 – Jan 2026,Free,Limited-edition colour sets,K-Beauty | Makeup | Minimalist | Hince,Standard,Hince's aesthetic-first approach to retail design makes its pop-ups photographable destinations — the brand understands that the space itself is the marketing.
01,Seongsu-dong,seongsu,2026,Beauty,Lavoir Seongsu Pop-up,Lavoir,French-inspired Korean fragrance and body care brand Lavoir opens a Seongsu pop-up with its signature laundry-aesthetic concept store.,Seongsu-dong,Nov 2025 – Jan 2026,Free,Fragrance + body care sets,Fragrance | Body Care | French-inspired | Concept Store,Standard,Lavoir's laundry-room aesthetic concept is immediately Instagram-worthy — proving that distinctive spatial design outperforms product-only marketing.
01,Seongsu-dong,seongsu,2026,F&B,Dango-ne Haengnidan Seongsu Pop-up,Dango-ne,Viral handmade Japanese dango brand from Haengnidan-gil brings its signature chewy skewers to Seongsu for a two-month limited run.,Seongsu-dong,May – Jun 2026,Free,Handmade dango skewers,F&B | Japanese | Dango | Viral | Street Food,Standard,Dango-ne's cult status in Haengnidan makes this Seongsu pop-up a destination for fans who missed the original — a perfect F&B cross-district expansion model.
01,Seongsu-dong,seongsu,2026,Fashion,Lacoste 'Polo Factory' Pop-up,Lacoste,"French heritage brand celebrates 90+ years of the polo shirt through an immersive walk-through of construction, fabrics, and sustainability.",Seongsu-dong,"May 21 – Jun 3, 2026",Free,Heritage collection + limited pieces,Heritage | Fashion | Exhibition | Sustainability,Standard,Lacoste chose Seongsu over Gangnam — deliberate repositioning of a legacy brand toward MZ consumers.
01,Seongsu-dong,seongsu,2026,Fashion,Musinsa Megastore Seongsu — Grand Opening,Musinsa,"Grand opening of Musinsa's flagship megastore with multi-brand pop-ups, exclusive drops, and opening celebration events.",Musinsa Megastore Seongsu,"Apr 24 – May 3, 2026",Free,Exclusive opening drops,Flagship | Musinsa | Multi-brand | Grand Opening,🏆 Major,Musinsa's permanent megastore formalises Seongsu's evolution from pop-up hub to year-round destination.
01,Seongsu-dong,seongsu,2026,Fashion,Moncler Puppy Summer Exhibition,Moncler,Luxury Italian outerwear brand brings 'Puppy' summer collection in an art-forward exhibition format with seasonal limited pieces.,"Seongsui-ro 16-gil 31, Seongsu","May 1 – May 3, 2026",Free,Limited summer pieces,Luxury | Exhibition | Fashion | Moncler,Standard,Moncler's gallery-style format elevates brand experience — visitors engage as they would a gallery show.
01,Seongsu-dong,seongsu,2026,Fashion,Nice Ghost Club × Cowboy Bebop Pop-up,Nice Ghost Club × Sunrise,"Korean streetwear label Nice Ghost Club teams up with cult anime Cowboy Bebop. Graphic tees, accessories, and limited-run pieces reinterpreting Spike, Faye, and the Bebop crew.",Seongsu-dong,"May 26 – Jun 11, 2026",Free,Exclusive Seongsu-drop pieces,Streetwear | Cowboy Bebop | Anime | Collab | Limited,🔥 HOT,Cowboy Bebop's global cult following combined with Nice Ghost Club's local credibility creates a rare crossover between Korean streetwear and classic anime aesthetics.
01,Seongsu-dong,seongsu,2026,Fashion,Gentle Monster × Disney × F1 Circuit Collection,Gentle Monster,"Eyewear brand Gentle Monster launches an F1-inspired collab with Disney. Limited circuit-edition sunglasses, immersive racing track installation, and exclusive photo moments.",Gentle Monster Seongsu Flagship,Apr – May 2026,Free,Limited F1 circuit sunglasses,Gentle Monster | Disney | F1 | Eyewear | Collab,Standard,Gentle Monster's flagship pop-ups are among Seoul's most architecturally impressive — this collab fuses motorsport culture with Disney's IP in an only-in-Seoul installation.
01,Seongsu-dong,seongsu,2026,IP · Character,Pokémon Ditto Playground,Pokémon Mega Festa 2026,"Enter a pink, squishy world where Ditto has copied everything — slides, plush toys, and décor. Part of Pokémon's 30th Anniversary.","Seongsui-ro 7ga-gil 9, Seongsu","May 1 – Jun 21, 2026",Free,Limited Ditto merch,Pokémon | 30th Anniversary | Free | Photo Zone,🔥 HOT,One of three simultaneous Pokémon events in Seongsu — Pokémon Mega Festa 2026 is unprecedented in scale.
01,Seongsu-dong,seongsu,2026,IP · Character,Pokémon 30th Birthday Party Pop-up,Pokémon Mega Festa × Olive Young N Seongsu,"Birthday-party themed pop-up: cake, ribbon & balloon photo zones, coloring corner, and exclusive Birthday Edition merch.","Olive Young N Seongsu, 1F","May 1 – Jun 21, 2026",Free,Birthday Edition limited goods,Pokémon | Birthday | 30th | Limited Ed.,🏆 Major,Olive Young's collab leverages Pokémon mania to drive flagship traffic — a perfect channel partnership model.
01,Seongsu-dong,seongsu,2026,IP · Character,SEVENTEEN MINITEEN Flagship Pop-up,SEVENTEEN × Pledis Entertainment,"Two-story flagship: Floor 1 is a themed café with ice cream & drinks, Floor 2 is a full character merchandise floor.",Seongsu-dong (2-story),"May 23 – Jun 2, 2026",Free,Character merch + café menu,K-Pop | SEVENTEEN | Café | Flagship,🔥 HOT,Two-floor café + shop format maximises dwell time — a growing blueprint for K-pop pop-ups.
01,Seongsu-dong,seongsu,2026,IP · Character,BLACKPINK 'DEADLINE' Global Pop-up,BLACKPINK × YG Entertainment,"World tour launching in Seoul first. Seoul-exclusive MD, new lightstick, plush, keyrings and keycaps. Continued in 20 cities worldwide.",Musinsa Seongsu + Musinsa Myeongdong,"Feb 28 – Mar 8, 2026 · 11:00–22:00",Free,Seoul-exclusive MD + lightstick,BLACKPINK | K-Pop | Global Tour | Musinsa,🏆 Global,Seoul as global first stop confirms it as the world's most important pop-up market in 2026.
01,Seongsu-dong,seongsu,2026,IP · Character,NCT WISH Official Pop-up Store,SM Entertainment,"Official pop-up for NCT WISH with fan interaction zones, photo booths, and exclusive Seoul-edition merchandise.",Seongsu-dong,"Apr 27 – May 3, 2026",Free,Seoul-edition MD + photocards,K-Pop | NCT | Fan Event | Seoul Exclusive,🔥 HOT,SM chose Seongsu over SM Town Coex — reflecting the commercial appeal of Seongsu's younger foot traffic.
01,Seongsu-dong,seongsu,2026,IP · Character,Toy Story 'House of Toy Story' Pop-up,Pixar × Seongsu,"Pixar's Toy Story recreates a 1970s-80s American home across multiple floors. Photo zones with Woody, Buzz & Jessie, arcade-style games, DIY merch stations, and exclusive collectibles.",Seongsu-dong,"May 23 – Jul 12, 2026",Free,Exclusive collectibles + DIY merch,Pixar | Toy Story | IP | Nostalgia | Photo Zone,🔥 HOT,Toy Story's multi-generational appeal — beloved by both MZ parents and their children — makes it one of the broadest-reach IP pop-ups of 2026.
01,Seongsu-dong,seongsu,2026,IP · Character,(G)I-DLE Exhibition Pop-up,(G)I-DLE × Space S50,"K-pop group (G)I-DLE's exhibition-format pop-up at Space S50 in Seongsu. Fan art installations, exclusive merchandise, and photocard events for NEVERLAND fans.","Space S50, 50 Seongsui-ro, Seongsu","Dec 19, 2025 – Jan 10, 2026",Free,Exhibition merch + photocards,K-Pop | (G)I-DLE | Exhibition | Fan Event,Standard,Exhibition-format K-pop pop-ups are growing in sophistication — (G)I-DLE's art installations blur the line between fan merchandise event and gallery experience.
01,Seongsu-dong,seongsu,2026,Lifestyle,Samsung Galaxy Market Event,Samsung Electronics,Experiential pop-up at T Factory Seongsu — latest Galaxy devices with hands-on trials and immersive tech zones.,"T Factory Seongsu, Yeonmujang 1-gil","Feb 27 – Mar 29, 2026",Free,Device trial + exclusive bundles,Tech | Samsung | Galaxy | Experiential,Standard,Tech brands using Seongsu's creative spaces signals the district's broad cultural credibility beyond fashion and beauty.
02,Hannam-dong,hannam,2026,Beauty,Pesade Hannam Flagship Opening,Pesade,Niche fragrance brand Pesade opens its Hannam flagship with personal scent consultations and exclusive opening-day sets.,Hannam-dong Flagship,2026,Free,Personal scent consultation + sets,Niche Fragrance | Flagship | Opening | Hannam,✨ Notable,"Hannam's gallery culture makes it the natural home for niche fragrance brands seeking affluent, design-literate consumers."
02,Hannam-dong,hannam,2026,Fashion,Gentle Monster Haus Dosan Flagship Experience,Gentle Monster,"Gentle Monster's Haus Dosan flagship in Apgujeong runs rotating immersive installations. Part gallery, part eyewear store — each season brings a completely new spatial concept.","Haus Dosan, Apgujeong-ro, Gangnam","Ongoing, seasonal",Free,Limited-edition eyewear,Gentle Monster | Flagship | Gallery | Eyewear | Immersive,✨ Notable,Gentle Monster set the template for the 'retail as theatre' model that now defines Seoul's best pop-ups — every other brand is catching up to what Gentle Monster pioneered.
02,Hannam-dong,hannam,2026,Lifestyle,Aestura Derma Pop-up,Aestura (Amorepacific),"Amorepacific's derma care brand Aestura opens a Hannam pop-up with personalised skin consultation, barrier repair testing, and a limited slow-living product line.",Hannam-dong,2026,Free,Personalised skin kit,Derma | Skincare | Aestura | Personalised | Amorepacific,Standard,Derma-positioning in a Hannam lifestyle space rather than a pharmacy shifts brand perception from medical to aspirational — a strategic repositioning move.
03,Hongdae,hongdae,2026,Beauty,Fwee K-Beauty Colour Pop-up,Fwee,Fwee's colour-focused K-beauty pop-up in Seongsu/Hongdae featuring their signature blush and lip products in a pastel-maximalist concept space.,Seongsu / Hongdae area,2025 – 2026,Free,Limited colour sets,K-Beauty | Colour | Fwee | Pastel | Makeup,Standard,Fwee's colour-first brand identity translates naturally into an immersive pop-up environment — the products ARE the decoration.
03,Hongdae,hongdae,2026,IP · Character,ITZY [Motto] Official Pop-up Store,ITZY × JYP Entertainment,"Official pop-up tied to ITZY's Motto release with fan merch, photocard events, and Hongdae-only album bundles.","Mapo-gu, Hongdae area","May 19 – May 25, 2026",Free,Exclusive album bundle + photocards,K-Pop | ITZY | Fan Event | JYP | Hongdae Only,🔥 HOT,Hongdae remains the spiritual home of K-pop fan culture — the natural first choice for comeback pop-ups.
03,Hongdae,hongdae,2026,IP · Character,3학년Z반 긴파치 선생 Pop-up,AK Plaza Hongdae,"The hit Japanese anime '3-nen Z-gumi Ginpachi-sensei' gets its first major Korean pop-up at Hongdae's AK Plaza. Character goods, classroom photo zones, and exclusive Korean-market merch.",AK Plaza Hongdae,"May 1–5, 2026 (Golden Week)",Free,Character goods + photocards,Anime | Japanese IP | Character | Hongdae | Golden Week,🔥 HOT,Japanese anime IP pop-ups in Hongdae's AK Plaza have become a reliable fixture — the location's density of anime fans creates immediate queues on opening day.
03,Hongdae,hongdae,2026,IP · Character,White Tiger & Black Tiger Pop-up,Webtoon IP × Hongdae,"Korean webtoon IP 'White Tiger and Black Tiger' gets a dedicated Hongdae pop-up with character goods, illustration prints, and fan meet events.",Hongdae / Sinchon area,"May 1–5, 2026 (Golden Week)",Free,Webtoon IP goods,Webtoon | Korean IP | Character | Fan Meet,Standard,Korean webtoon IPs are increasingly commanding the same pop-up energy as Japanese anime — a shift reflecting the growing global reach of the webtoon format.
04,Gangnam · The Hyundai,gangnam,2026,F&B,봄날엔 Spring Dessert Pop-up,Bomnal-en Gangnam,Spring-season dessert pop-up in Gangnam with seasonal pastries and cherry blossom period limited menus.,"Seocho-gu, Gangnam","May 19 – May 31, 2026",Free,Seasonal dessert menu,Dessert | Spring | Seasonal | Instagram,Standard,Seasonal F&B pop-ups timed to cherry blossom season consistently outperform in foot traffic.
04,Gangnam · The Hyundai,gangnam,2026,F&B,Sand Museum Pop-up Yeouido,Sand Museum,Unique sand art experience pop-up at Yeouido. Visitors create personalised sand art bottles and watch live sand animation performances.,"Yeouido, Seoul","May 1–5, 2026 (Golden Week)",Paid admission,Personalised sand art bottle,Art Experience | Sand | Yeouido | Interactive | Craft,Standard,Experience-over-product pop-ups like Sand Museum have the highest word-of-mouth spread — the product (your sand bottle) becomes a walking advertisement.
04,Gangnam · The Hyundai,gangnam,2026,IP · Character,Hello Kitty × Jisoo Pop-up,Sanrio × Jisoo (BLACKPINK),"Sanrio's Hello Kitty collabs with BLACKPINK's Jisoo. Co-designed fashion pieces, limited character goods, and signature photo zones.","Jamsil, Songpa-gu","May 1–5, 2026 (Golden Week)",Free,Co-designed limited goods,Sanrio | BLACKPINK | Jisoo | Collab | Golden Week,🔥 HOT,Combining Hello Kitty with Jisoo targets two overlapping fandoms simultaneously — executed during peak visitor season.
04,Gangnam · The Hyundai,gangnam,2026,IP · Character,Pokémon Secret Forest (Seoul Forest),Pokémon Mega Festa 2026,"Outdoor Pokémon pop-up where hidden Pokémon lurk among Seoul Forest trees, tied to the 2026 Seoul International Garden Expo.","Seoul Forest, Seongdong-gu","May 1 – Jun 21, 2026",Free,Outdoor original goods,Pokémon | Outdoor | Seoul Forest | Garden Expo,🌿 Outdoor,Taking a pop-up outdoors into Seoul Forest transforms the experience from retail into a nature walk.
04,Gangnam · The Hyundai,gangnam,2026,IP · Character,Butter Bear Pop-up,Butter Bear IP,"Adorable honey-coloured bear character Butter Bear gets a dedicated Gangnam pop-up with plush goods, café-style drinks, and photo zones.","Gangnam, Seoul",May 2026,Free,Butter Bear plush + café menu,Character | Bear | Cute | Café | Golden Week,Standard,Bear character IPs have dominated Korean pop-up culture since BT21's Shooky and RJ — Butter Bear's warm colour palette appeals to the aesthetic-first Gen Z consumer.
05,Other Areas,others,2026,Beauty,BeautyPlus Moving × Mise-en-scène,BeautyPlus Universe,BeautyPlus's mobile pop-up at Sungshin Women's University in collaboration with hair care brand Mise-en-scène.,Seongbuk-gu (Sungshin Women's Univ.),"May 19, 2026",Free,Hair care giveaways,Hair Care | Mobile Pop-up | Campus | University,Standard,Campus-based beauty pop-ups target the MZ demographic at point of brand discovery.
05,Other Areas,others,2026,F&B,Guomanduzi Pop-up Anyang,Guomanduzi,"Viral Chinese-style dumpling brand Guomanduzi opens a pop-up in Anyang during Golden Week 2026, bringing its signature pan-fried dumplings to the greater Seoul area.","Anyang, Gyeonggi",May 2026 (Golden Week),Free,Signature pan-fried dumplings,F&B | Dumplings | Chinese | Viral | Anyang,Standard,Viral F&B pop-ups expanding from central Seoul to Gyeonggi satellite cities signal the format's democratisation — pop-up culture is no longer exclusively a Seoul phenomenon.
05,Other Areas,others,2026,Fashion,Jeep Kids Pop-up @ Yeongdeungpo,Jeep Kids,"Children's outdoor lifestyle brand Jeep Kids pops up at Yeongdeungpo IFC Mall with miniature adventure gear, customisation stations, and family photo zones.","IFC Mall, Yeongdeungpo",May 2026,Free,Kids outdoor gear,Kids | Outdoor | Jeep | Family | Lifestyle,Standard,Outdoor lifestyle brands targeting children in pop-up format are capitalising on post-pandemic parents' emphasis on active family experiences.
05,Other Areas,others,2026,IP · Character,Super Mario Pop-up @ Starfield Hanam,Nintendo × Starfield Hanam,Nintendo's Super Mario franchise at Starfield Hanam with interactive game-themed installations and limited merchandise.,"Starfield Hanam, Gyeonggi",May 2026 (Golden Week),Free,Nintendo limited goods,Nintendo | Mario | Gaming | Interactive | Family,Standard,Nintendo's strategic use of Golden Week maximises family traffic at a suburban location.
05,Other Areas,others,2026,IP · Character,TOURS Official Pop-up — Yongsan,TOURS (K-Pop Group),"K-Pop group TOURS at Yongsan iPark Mall with fan merch, exclusive Yongsan-edition goods, and photocard events.",Yongsan iPark Mall,"May 1–5, 2026 (Golden Week)",Free,Exclusive Yongsan-edition merch,K-Pop | Fan Event | Yongsan | Golden Week,Standard,Yongsan's proximity to major transit hubs makes it accessible to fans travelling from across the country.
05,Other Areas,others,2026,IP · Character,Nidi Girl × Overdose Collab Café,Nidi Girl × Café Overdose,Korean character brand Nidi Girl collaborates with Gwangjin-gu café Overdose for a limited character-themed café pop-up with exclusive Nidi Girl drinks and goods.,"Gwangjin-gu, Seoul",May 2026,Free,Character drinks + goods,Character | Café | Collab | Korean IP | Gwangjin,Standard,Character café collabs in residential neighbourhoods like Gwangjin represent the suburbanisation of Seoul's pop-up culture — moving beyond the Seongsu/Hannam axis.
05,Other Areas,others,2026,IP · Character,JB Kids Pop-up @ Yeongdeungpo,Jieef × Baller Kids,Children's character brand JB Kids opens a pop-up at Yeongdeungpo IFC Mall targeting young families with interactive play zones and character merchandise.,"IFC Mall, Yeongdeungpo",May 2026,Free,Character toys + goods,Kids | Character | Family | IFC Mall | Yeongdeungpo,Standard,Pop-ups targeting children at IFC Mall represent a strategic shift — brands are investing in the next generation of consumers while capturing today's family spending.
